fix,active_nozzles,shut,min_clear_m,gnss_err_m,buffer_m,litres,crop_ambiguous,reason
0,0,1|2|3|4|5|6,7.55,5.0,7.6,0.0,0,FULL BOOM CUT. Nearest nozzle 7.5 m < buffer 7.6 m. All nozzles off.
1,2,3|4|5|6,1.99,5.0,7.6,0.0036,0,"PARTIAL CUT — nozzles [3, 4, 5, 6] off (buffer breach near a restricted zone). 2/6 active."
2,2,3|4|5|6,0.87,5.0,7.6,0.0036,0,"PARTIAL CUT — nozzles [3, 4, 5, 6] off (buffer breach near a restricted zone). 2/6 active."
3,3,4|5|6,1.65,5.0,7.6,0.0054,0,"PARTIAL CUT — nozzles [4, 5, 6] off (buffer breach near a restricted zone). 3/6 active."
4,3,4|5|6,1.77,5.0,7.6,0.0054,0,"PARTIAL CUT — nozzles [4, 5, 6] off (buffer breach near a restricted zone). 3/6 active."
5,3,4|5|6,2.04,5.0,7.6,0.0054,0,"PARTIAL CUT — nozzles [4, 5, 6] off (buffer breach near a restricted zone). 3/6 active."
6,3,4|5|6,1.92,5.0,7.6,0.0054,0,"PARTIAL CUT — nozzles [4, 5, 6] off (buffer breach near a restricted zone). 3/6 active."
7,3,4|5|6,1.73,5.0,7.6,0.0054,0,"PARTIAL CUT — nozzles [4, 5, 6] off (buffer breach near a restricted zone). 3/6 active."
8,3,4|5|6,1.65,5.0,7.6,0.0054,0,"PARTIAL CUT — nozzles [4, 5, 6] off (buffer breach near a restricted zone). 3/6 active."
9,3,4|5|6,3.61,5.0,7.6,0.0054,0,"PARTIAL CUT — nozzles [4, 5, 6] off (buffer breach near a restricted zone). 3/6 active."
10,6,,9.73,5.0,7.6,0.0108,0,All 6 nozzles spray. Nearest nozzle 9.7 m from a restricted zone; buffer 7.6 m (gnss 5.0 + drift 0.8 + react 1.8). OK.
11,6,,16.43,5.0,7.6,0.0108,0,All 6 nozzles spray. Nearest nozzle 16.4 m from a restricted zone; buffer 7.6 m (gnss 5.0 + drift 0.8 + react 1.8). OK.
12,6,,22.87,5.0,7.6,0.0108,0,All 6 nozzles spray. Nearest nozzle 22.9 m from a restricted zone; buffer 7.6 m (gnss 5.0 + drift 0.8 + react 1.8). OK.
13,6,,28.94,5.0,7.6,0.0108,0,All 6 nozzles spray. Nearest nozzle 28.9 m from a restricted zone; buffer 7.6 m (gnss 5.0 + drift 0.8 + react 1.8). OK.
14,6,,34.58,5.0,7.6,0.0108,0,All 6 nozzles spray. Nearest nozzle 34.6 m from a restricted zone; buffer 7.6 m (gnss 5.0 + drift 0.8 + react 1.8). OK.
15,6,,40.09,5.0,7.6,0.0108,0,All 6 nozzles spray. Nearest nozzle 40.1 m from a restricted zone; buffer 7.6 m (gnss 5.0 + drift 0.8 + react 1.8). OK.
16,6,,46.29,5.0,7.6,0.0108,6,All 6 nozzles spray. Nearest nozzle 46.3 m from a restricted zone; buffer 7.6 m (gnss 5.0 + drift 0.8 + react 1.8). OK. [6 nozzle(s) crop-ambiguous: error radius spans the A|B seam -> wrong-dose risk]
17,6,,53.07,5.0,7.6,0.0144,6,All 6 nozzles spray. Nearest nozzle 53.1 m from a restricted zone; buffer 7.6 m (gnss 5.0 + drift 0.8 + react 1.8). OK. [6 nozzle(s) crop-ambiguous: error radius spans the A|B seam -> wrong-dose risk]
18,6,,59.14,5.0,7.6,0.0144,0,All 6 nozzles spray. Nearest nozzle 59.1 m from a restricted zone; buffer 7.6 m (gnss 5.0 + drift 0.8 + react 1.8). OK.
19,6,,65.14,5.0,7.6,0.0144,0,All 6 nozzles spray. Nearest nozzle 65.1 m from a restricted zone; buffer 7.6 m (gnss 5.0 + drift 0.8 + react 1.8). OK.
20,6,,71.48,5.0,7.6,0.0144,0,All 6 nozzles spray. Nearest nozzle 71.5 m from a restricted zone; buffer 7.6 m (gnss 5.0 + drift 0.8 + react 1.8). OK.
21,6,,76.75,5.0,7.6,0.0144,0,All 6 nozzles spray. Nearest nozzle 76.7 m from a restricted zone; buffer 7.6 m (gnss 5.0 + drift 0.8 + react 1.8). OK.
22,6,,82.64,5.0,7.6,0.0144,0,All 6 nozzles spray. Nearest nozzle 82.6 m from a restricted zone; buffer 7.6 m (gnss 5.0 + drift 0.8 + react 1.8). OK.
23,6,,88.97,5.0,7.6,0.0144,0,All 6 nozzles spray. Nearest nozzle 89.0 m from a restricted zone; buffer 7.6 m (gnss 5.0 + drift 0.8 + react 1.8). OK.
24,6,,95.51,5.0,7.6,0.0144,0,All 6 nozzles spray. Nearest nozzle 95.5 m from a restricted zone; buffer 7.6 m (gnss 5.0 + drift 0.8 + react 1.8). OK.
25,6,,101.43,5.0,7.6,0.0144,0,All 6 nozzles spray. Nearest nozzle 101.4 m from a restricted zone; buffer 7.6 m (gnss 5.0 + drift 0.8 + react 1.8). OK.
26,6,,107.68,5.0,7.6,0.0144,0,All 6 nozzles spray. Nearest nozzle 107.7 m from a restricted zone; buffer 7.6 m (gnss 5.0 + drift 0.8 + react 1.8). OK.
27,6,,113.86,5.0,7.6,0.0144,0,All 6 nozzles spray. Nearest nozzle 113.9 m from a restricted zone; buffer 7.6 m (gnss 5.0 + drift 0.8 + react 1.8). OK.
28,6,,120.32,5.0,7.6,0.0144,0,All 6 nozzles spray. Nearest nozzle 120.3 m from a restricted zone; buffer 7.6 m (gnss 5.0 + drift 0.8 + react 1.8). OK.
29,6,,125.76,5.0,7.6,0.0144,0,All 6 nozzles spray. Nearest nozzle 125.8 m from a restricted zone; buffer 7.6 m (gnss 5.0 + drift 0.8 + react 1.8). OK.
30,6,,132.08,5.0,7.6,0.0144,0,All 6 nozzles spray. Nearest nozzle 132.1 m from a restricted zone; buffer 7.6 m (gnss 5.0 + drift 0.8 + react 1.8). OK.
31,6,,131.85,5.0,7.6,0.0144,0,All 6 nozzles spray. Nearest nozzle 131.8 m from a restricted zone; buffer 7.6 m (gnss 5.0 + drift 0.8 + react 1.8). OK.
32,6,,132.68,5.0,7.6,0.0144,0,All 6 nozzles spray. Nearest nozzle 132.7 m from a restricted zone; buffer 7.6 m (gnss 5.0 + drift 0.8 + react 1.8). OK.
33,6,,134.07,5.0,7.6,0.0144,0,All 6 nozzles spray. Nearest nozzle 134.1 m from a restricted zone; buffer 7.6 m (gnss 5.0 + drift 0.8 + react 1.8). OK.
34,6,,123.13,5.0,7.6,0.0144,0,All 6 nozzles spray. Nearest nozzle 123.1 m from a restricted zone; buffer 7.6 m (gnss 5.0 + drift 0.8 + react 1.8). OK.
35,6,,123.81,5.0,7.6,0.0144,0,All 6 nozzles spray. Nearest nozzle 123.8 m from a restricted zone; buffer 7.6 m (gnss 5.0 + drift 0.8 + react 1.8). OK.
36,6,,123.14,5.0,7.6,0.0144,0,All 6 nozzles spray. Nearest nozzle 123.1 m from a restricted zone; buffer 7.6 m (gnss 5.0 + drift 0.8 + react 1.8). OK.
37,6,,123.53,5.0,7.6,0.0144,0,All 6 nozzles spray. Nearest nozzle 123.5 m from a restricted zone; buffer 7.6 m (gnss 5.0 + drift 0.8 + react 1.8). OK.
38,6,,123.57,5.0,7.6,0.0144,0,All 6 nozzles spray. Nearest nozzle 123.6 m from a restricted zone; buffer 7.6 m (gnss 5.0 + drift 0.8 + react 1.8). OK.
39,6,,117.44,5.0,7.6,0.0144,0,All 6 nozzles spray. Nearest nozzle 117.4 m from a restricted zone; buffer 7.6 m (gnss 5.0 + drift 0.8 + react 1.8). OK.
40,6,,111.4,5.0,7.6,0.0144,0,All 6 nozzles spray. Nearest nozzle 111.4 m from a restricted zone; buffer 7.6 m (gnss 5.0 + drift 0.8 + react 1.8). OK.
41,6,,105.25,5.0,7.6,0.0144,0,All 6 nozzles spray. Nearest nozzle 105.2 m from a restricted zone; buffer 7.6 m (gnss 5.0 + drift 0.8 + react 1.8). OK.
42,6,,99.32,5.0,7.6,0.0144,0,All 6 nozzles spray. Nearest nozzle 99.3 m from a restricted zone; buffer 7.6 m (gnss 5.0 + drift 0.8 + react 1.8). OK.
43,6,,93.76,5.0,7.6,0.0144,0,All 6 nozzles spray. Nearest nozzle 93.8 m from a restricted zone; buffer 7.6 m (gnss 5.0 + drift 0.8 + react 1.8). OK.
44,6,,88.09,5.0,7.6,0.0144,0,All 6 nozzles spray. Nearest nozzle 88.1 m from a restricted zone; buffer 7.6 m (gnss 5.0 + drift 0.8 + react 1.8). OK.
45,6,,82.26,5.0,7.6,0.0144,0,All 6 nozzles spray. Nearest nozzle 82.3 m from a restricted zone; buffer 7.6 m (gnss 5.0 + drift 0.8 + react 1.8). OK.
46,6,,76.58,5.0,7.6,0.0144,0,All 6 nozzles spray. Nearest nozzle 76.6 m from a restricted zone; buffer 7.6 m (gnss 5.0 + drift 0.8 + react 1.8). OK.
47,6,,70.79,5.0,7.6,0.0144,0,All 6 nozzles spray. Nearest nozzle 70.8 m from a restricted zone; buffer 7.6 m (gnss 5.0 + drift 0.8 + react 1.8). OK.
48,6,,64.4,5.0,7.6,0.0144,0,All 6 nozzles spray. Nearest nozzle 64.4 m from a restricted zone; buffer 7.6 m (gnss 5.0 + drift 0.8 + react 1.8). OK.
49,6,,57.97,5.0,7.6,0.0144,0,All 6 nozzles spray. Nearest nozzle 58.0 m from a restricted zone; buffer 7.6 m (gnss 5.0 + drift 0.8 + react 1.8). OK.
50,6,,51.69,5.0,7.6,0.0144,6,All 6 nozzles spray. Nearest nozzle 51.7 m from a restricted zone; buffer 7.6 m (gnss 5.0 + drift 0.8 + react 1.8). OK. [6 nozzle(s) crop-ambiguous: error radius spans the A|B seam -> wrong-dose risk]
51,6,,45.93,5.0,7.6,0.0108,6,All 6 nozzles spray. Nearest nozzle 45.9 m from a restricted zone; buffer 7.6 m (gnss 5.0 + drift 0.8 + react 1.8). OK. [6 nozzle(s) crop-ambiguous: error radius spans the A|B seam -> wrong-dose risk]
52,6,,39.76,5.0,7.6,0.0108,0,All 6 nozzles spray. Nearest nozzle 39.8 m from a restricted zone; buffer 7.6 m (gnss 5.0 + drift 0.8 + react 1.8). OK.
53,6,,34.99,5.0,7.6,0.0108,0,All 6 nozzles spray. Nearest nozzle 35.0 m from a restricted zone; buffer 7.6 m (gnss 5.0 + drift 0.8 + react 1.8). OK.
54,6,,28.48,5.0,7.6,0.0108,0,All 6 nozzles spray. Nearest nozzle 28.5 m from a restricted zone; buffer 7.6 m (gnss 5.0 + drift 0.8 + react 1.8). OK.
55,6,,21.83,5.0,7.6,0.0108,0,All 6 nozzles spray. Nearest nozzle 21.8 m from a restricted zone; buffer 7.6 m (gnss 5.0 + drift 0.8 + react 1.8). OK.
56,6,,16.21,5.0,7.6,0.0108,0,All 6 nozzles spray. Nearest nozzle 16.2 m from a restricted zone; buffer 7.6 m (gnss 5.0 + drift 0.8 + react 1.8). OK.
57,6,,10.92,5.0,7.6,0.0108,0,All 6 nozzles spray. Nearest nozzle 10.9 m from a restricted zone; buffer 7.6 m (gnss 5.0 + drift 0.8 + react 1.8). OK.
58,0,1|2|3|4|5|6,5.12,5.0,7.6,0.0,0,FULL BOOM CUT. Nearest nozzle 5.1 m < buffer 7.6 m. All nozzles off.
59,0,1|2|3|4|5|6,0.0,5.0,7.6,0.0,0,FULL BOOM CUT. Nearest nozzle 0.0 m < buffer 7.6 m. All nozzles off.
60,0,1|2|3|4|5|6,0.0,5.0,7.6,0.0,0,FULL BOOM CUT. Nearest nozzle 0.0 m < buffer 7.6 m. All nozzles off.
61,0,1|2|3|4|5|6,0.0,5.0,7.6,0.0,0,FULL BOOM CUT. Nearest nozzle 0.0 m < buffer 7.6 m. All nozzles off.
62,0,1|2|3|4|5|6,0.0,5.0,7.6,0.0,0,FULL BOOM CUT. Nearest nozzle 0.0 m < buffer 7.6 m. All nozzles off.
63,0,1|2|3|4|5|6,0.0,5.0,7.6,0.0,0,FULL BOOM CUT. Nearest nozzle 0.0 m < buffer 7.6 m. All nozzles off.
64,0,1|2|3|4|5|6,0.0,5.0,7.6,0.0,0,FULL BOOM CUT. Nearest nozzle 0.0 m < buffer 7.6 m. All nozzles off.
65,0,1|2|3|4|5|6,0.0,5.0,7.6,0.0,0,FULL BOOM CUT. Nearest nozzle 0.0 m < buffer 7.6 m. All nozzles off.
66,0,1|2|3|4|5|6,0.0,5.0,7.6,0.0,0,FULL BOOM CUT. Nearest nozzle 0.0 m < buffer 7.6 m. All nozzles off.
67,0,1|2|3|4|5|6,0.0,5.0,7.6,0.0,0,FULL BOOM CUT. Nearest nozzle 0.0 m < buffer 7.6 m. All nozzles off.
68,0,1|2|3|4|5|6,0.0,5.0,7.6,0.0,0,FULL BOOM CUT. Nearest nozzle 0.0 m < buffer 7.6 m. All nozzles off.
69,0,1|2|3|4|5|6,0.0,5.0,7.6,0.0,0,FULL BOOM CUT. Nearest nozzle 0.0 m < buffer 7.6 m. All nozzles off.
70,0,1|2|3|4|5|6,0.0,5.0,7.6,0.0,0,FULL BOOM CUT. Nearest nozzle 0.0 m < buffer 7.6 m. All nozzles off.
71,0,1|2|3|4|5|6,0.0,5.0,7.6,0.0,0,FULL BOOM CUT. Nearest nozzle 0.0 m < buffer 7.6 m. All nozzles off.
72,0,1|2|3|4|5|6,0.0,5.0,7.6,0.0,0,FULL BOOM CUT. Nearest nozzle 0.0 m < buffer 7.6 m. All nozzles off.
73,0,1|2|3|4|5|6,0.0,5.0,7.6,0.0,0,FULL BOOM CUT. Nearest nozzle 0.0 m < buffer 7.6 m. All nozzles off.
74,0,1|2|3|4|5|6,0.0,5.0,7.6,0.0,0,FULL BOOM CUT. Nearest nozzle 0.0 m < buffer 7.6 m. All nozzles off.
75,0,1|2|3|4|5|6,0.0,5.0,7.6,0.0,0,FULL BOOM CUT. Nearest nozzle 0.0 m < buffer 7.6 m. All nozzles off.
76,0,1|2|3|4|5|6,0.0,5.0,7.6,0.0,0,FULL BOOM CUT. Nearest nozzle 0.0 m < buffer 7.6 m. All nozzles off.
77,0,1|2|3|4|5|6,5.6,5.0,7.6,0.0,0,FULL BOOM CUT. Nearest nozzle 5.6 m < buffer 7.6 m. All nozzles off.
78,6,,11.58,5.0,7.6,0.0108,0,All 6 nozzles spray. Nearest nozzle 11.6 m from a restricted zone; buffer 7.6 m (gnss 5.0 + drift 0.8 + react 1.8). OK.
79,6,,18.0,5.0,7.6,0.0108,0,All 6 nozzles spray. Nearest nozzle 18.0 m from a restricted zone; buffer 7.6 m (gnss 5.0 + drift 0.8 + react 1.8). OK.
80,6,,23.62,5.0,7.6,0.0108,0,All 6 nozzles spray. Nearest nozzle 23.6 m from a restricted zone; buffer 7.6 m (gnss 5.0 + drift 0.8 + react 1.8). OK.
81,6,,29.49,5.0,7.6,0.0108,0,All 6 nozzles spray. Nearest nozzle 29.5 m from a restricted zone; buffer 7.6 m (gnss 5.0 + drift 0.8 + react 1.8). OK.
82,6,,34.52,5.0,7.6,0.0108,0,All 6 nozzles spray. Nearest nozzle 34.5 m from a restricted zone; buffer 7.6 m (gnss 5.0 + drift 0.8 + react 1.8). OK.
83,6,,40.0,5.0,7.6,0.0108,0,All 6 nozzles spray. Nearest nozzle 40.0 m from a restricted zone; buffer 7.6 m (gnss 5.0 + drift 0.8 + react 1.8). OK.
84,6,,45.78,5.0,7.6,0.0108,6,All 6 nozzles spray. Nearest nozzle 45.8 m from a restricted zone; buffer 7.6 m (gnss 5.0 + drift 0.8 + react 1.8). OK. [6 nozzle(s) crop-ambiguous: error radius spans the A|B seam -> wrong-dose risk]
85,6,,52.09,5.0,7.6,0.0144,6,All 6 nozzles spray. Nearest nozzle 52.1 m from a restricted zone; buffer 7.6 m (gnss 5.0 + drift 0.8 + react 1.8). OK. [6 nozzle(s) crop-ambiguous: error radius spans the A|B seam -> wrong-dose risk]
86,6,,58.81,5.0,7.6,0.0144,0,All 6 nozzles spray. Nearest nozzle 58.8 m from a restricted zone; buffer 7.6 m (gnss 5.0 + drift 0.8 + react 1.8). OK.
87,6,,64.86,5.0,7.6,0.0144,0,All 6 nozzles spray. Nearest nozzle 64.9 m from a restricted zone; buffer 7.6 m (gnss 5.0 + drift 0.8 + react 1.8). OK.
88,6,,71.06,5.0,7.6,0.0144,0,All 6 nozzles spray. Nearest nozzle 71.1 m from a restricted zone; buffer 7.6 m (gnss 5.0 + drift 0.8 + react 1.8). OK.
89,6,,77.21,5.0,7.6,0.0144,0,All 6 nozzles spray. Nearest nozzle 77.2 m from a restricted zone; buffer 7.6 m (gnss 5.0 + drift 0.8 + react 1.8). OK.
90,6,,83.85,5.0,7.6,0.0144,0,All 6 nozzles spray. Nearest nozzle 83.8 m from a restricted zone; buffer 7.6 m (gnss 5.0 + drift 0.8 + react 1.8). OK.
91,6,,92.65,5.0,7.6,0.0144,0,All 6 nozzles spray. Nearest nozzle 92.7 m from a restricted zone; buffer 7.6 m (gnss 5.0 + drift 0.8 + react 1.8). OK.
92,6,,98.35,5.0,7.6,0.0144,0,All 6 nozzles spray. Nearest nozzle 98.4 m from a restricted zone; buffer 7.6 m (gnss 5.0 + drift 0.8 + react 1.8). OK.
93,6,,103.37,5.0,7.6,0.0144,0,All 6 nozzles spray. Nearest nozzle 103.4 m from a restricted zone; buffer 7.6 m (gnss 5.0 + drift 0.8 + react 1.8). OK.
94,6,,109.43,5.0,7.6,0.0144,0,All 6 nozzles spray. Nearest nozzle 109.4 m from a restricted zone; buffer 7.6 m (gnss 5.0 + drift 0.8 + react 1.8). OK.
95,6,,113.51,5.0,7.6,0.0144,0,All 6 nozzles spray. Nearest nozzle 113.5 m from a restricted zone; buffer 7.6 m (gnss 5.0 + drift 0.8 + react 1.8). OK.
96,6,,110.14,5.0,7.6,0.0144,0,All 6 nozzles spray. Nearest nozzle 110.1 m from a restricted zone; buffer 7.6 m (gnss 5.0 + drift 0.8 + react 1.8). OK.
97,6,,109.97,5.0,7.6,0.0144,0,All 6 nozzles spray. Nearest nozzle 110.0 m from a restricted zone; buffer 7.6 m (gnss 5.0 + drift 0.8 + react 1.8). OK.
98,6,,109.55,5.0,7.6,0.0144,0,All 6 nozzles spray. Nearest nozzle 109.5 m from a restricted zone; buffer 7.6 m (gnss 5.0 + drift 0.8 + react 1.8). OK.
99,6,,109.08,5.0,7.6,0.0144,0,All 6 nozzles spray. Nearest nozzle 109.1 m from a restricted zone; buffer 7.6 m (gnss 5.0 + drift 0.8 + react 1.8). OK.
100,6,,108.57,5.0,7.6,0.0144,0,All 6 nozzles spray. Nearest nozzle 108.6 m from a restricted zone; buffer 7.6 m (gnss 5.0 + drift 0.8 + react 1.8). OK.
101,0,1|2|3|4|5|6,108.48,5.0,7.6,0.0,0,FULL BOOM CUT. Nearest nozzle 108.5 m < buffer 7.6 m. All nozzles off.
102,0,1|2|3|4|5|6,96.38,5.0,7.6,0.0,0,FULL BOOM CUT. Nearest nozzle 96.4 m < buffer 7.6 m. All nozzles off.
103,6,,95.89,5.0,7.6,0.0144,0,All 6 nozzles spray. Nearest nozzle 95.9 m from a restricted zone; buffer 7.6 m (gnss 5.0 + drift 0.8 + react 1.8). OK.
104,6,,95.89,5.0,7.6,0.0144,0,All 6 nozzles spray. Nearest nozzle 95.9 m from a restricted zone; buffer 7.6 m (gnss 5.0 + drift 0.8 + react 1.8). OK.
105,6,,96.45,5.0,7.6,0.0144,0,All 6 nozzles spray. Nearest nozzle 96.4 m from a restricted zone; buffer 7.6 m (gnss 5.0 + drift 0.8 + react 1.8). OK.
106,6,,96.46,5.0,7.6,0.0144,0,All 6 nozzles spray. Nearest nozzle 96.5 m from a restricted zone; buffer 7.6 m (gnss 5.0 + drift 0.8 + react 1.8). OK.
107,6,,97.49,5.0,7.6,0.0144,0,All 6 nozzles spray. Nearest nozzle 97.5 m from a restricted zone; buffer 7.6 m (gnss 5.0 + drift 0.8 + react 1.8). OK.
108,6,,97.47,5.0,7.6,0.0144,0,All 6 nozzles spray. Nearest nozzle 97.5 m from a restricted zone; buffer 7.6 m (gnss 5.0 + drift 0.8 + react 1.8). OK.
109,6,,97.24,5.0,7.6,0.0144,0,All 6 nozzles spray. Nearest nozzle 97.2 m from a restricted zone; buffer 7.6 m (gnss 5.0 + drift 0.8 + react 1.8). OK.
110,6,,96.56,5.0,7.6,0.0144,0,All 6 nozzles spray. Nearest nozzle 96.6 m from a restricted zone; buffer 7.6 m (gnss 5.0 + drift 0.8 + react 1.8). OK.
111,6,,96.49,5.0,7.6,0.0144,0,All 6 nozzles spray. Nearest nozzle 96.5 m from a restricted zone; buffer 7.6 m (gnss 5.0 + drift 0.8 + react 1.8). OK.
112,6,,90.89,5.0,7.6,0.0144,0,All 6 nozzles spray. Nearest nozzle 90.9 m from a restricted zone; buffer 7.6 m (gnss 5.0 + drift 0.8 + react 1.8). OK.
113,6,,84.78,5.0,7.6,0.0144,0,All 6 nozzles spray. Nearest nozzle 84.8 m from a restricted zone; buffer 7.6 m (gnss 5.0 + drift 0.8 + react 1.8). OK.
114,6,,79.59,5.0,7.6,0.0144,0,All 6 nozzles spray. Nearest nozzle 79.6 m from a restricted zone; buffer 7.6 m (gnss 5.0 + drift 0.8 + react 1.8). OK.
115,6,,72.88,5.0,7.6,0.0144,0,All 6 nozzles spray. Nearest nozzle 72.9 m from a restricted zone; buffer 7.6 m (gnss 5.0 + drift 0.8 + react 1.8). OK.
116,6,,66.53,5.0,7.6,0.0144,0,All 6 nozzles spray. Nearest nozzle 66.5 m from a restricted zone; buffer 7.6 m (gnss 5.0 + drift 0.8 + react 1.8). OK.
117,6,,61.14,5.0,7.6,0.0144,0,All 6 nozzles spray. Nearest nozzle 61.1 m from a restricted zone; buffer 7.6 m (gnss 5.0 + drift 0.8 + react 1.8). OK.
118,6,,54.77,5.0,7.6,0.0144,0,All 6 nozzles spray. Nearest nozzle 54.8 m from a restricted zone; buffer 7.6 m (gnss 5.0 + drift 0.8 + react 1.8). OK.
119,6,,48.45,5.0,7.6,0.0108,6,All 6 nozzles spray. Nearest nozzle 48.5 m from a restricted zone; buffer 7.6 m (gnss 5.0 + drift 0.8 + react 1.8). OK. [6 nozzle(s) crop-ambiguous: error radius spans the A|B seam -> wrong-dose risk]
120,6,,42.39,5.0,7.6,0.0108,0,All 6 nozzles spray. Nearest nozzle 42.4 m from a restricted zone; buffer 7.6 m (gnss 5.0 + drift 0.8 + react 1.8). OK.
121,6,,35.6,6.66,9.26,0.0108,0,All 6 nozzles spray. Nearest nozzle 35.6 m from a restricted zone; buffer 9.3 m (gnss 6.7 + drift 0.8 + react 1.8). OK.
122,6,,29.63,9.77,12.37,0.0108,0,All 6 nozzles spray. Nearest nozzle 29.6 m from a restricted zone; buffer 12.4 m (gnss 9.8 + drift 0.8 + react 1.8). OK.
123,4,2|3,22.89,10.97,13.57,0.0072,0,"PARTIAL CUT — nozzles [2, 3] off (tree/zone avoidance). 4/6 active."
124,6,,17.29,8.16,10.76,0.0108,0,All 6 nozzles spray. Nearest nozzle 17.3 m from a restricted zone; buffer 10.8 m (gnss 8.2 + drift 0.8 + react 1.8). OK.
125,6,,11.21,5.0,7.6,0.0108,0,All 6 nozzles spray. Nearest nozzle 11.2 m from a restricted zone; buffer 7.6 m (gnss 5.0 + drift 0.8 + react 1.8). OK.
126,0,1|2|3|4|5|6,6.35,5.0,7.6,0.0,0,FULL BOOM CUT. Nearest nozzle 6.3 m < buffer 7.6 m. All nozzles off.
127,0,1|2|3|4|5|6,0.37,5.0,7.6,0.0,0,FULL BOOM CUT. Nearest nozzle 0.4 m < buffer 7.6 m. All nozzles off.
128,0,1|2|3|4|5|6,0.0,5.0,7.6,0.0,0,FULL BOOM CUT. Nearest nozzle 0.0 m < buffer 7.6 m. All nozzles off.
129,0,1|2|3|4|5|6,0.0,5.0,7.6,0.0,0,FULL BOOM CUT. Nearest nozzle 0.0 m < buffer 7.6 m. All nozzles off.
130,0,1|2|3|4|5|6,0.0,5.0,7.6,0.0,0,FULL BOOM CUT. Nearest nozzle 0.0 m < buffer 7.6 m. All nozzles off.
131,0,1|2|3|4|5|6,0.0,5.0,7.6,0.0,0,FULL BOOM CUT. Nearest nozzle 0.0 m < buffer 7.6 m. All nozzles off.
132,0,1|2|3|4|5|6,0.0,5.0,7.6,0.0,0,FULL BOOM CUT. Nearest nozzle 0.0 m < buffer 7.6 m. All nozzles off.
133,0,1|2|3|4|5|6,0.0,5.0,7.6,0.0,0,FULL BOOM CUT. Nearest nozzle 0.0 m < buffer 7.6 m. All nozzles off.
134,0,1|2|3|4|5|6,0.0,5.0,7.6,0.0,0,FULL BOOM CUT. Nearest nozzle 0.0 m < buffer 7.6 m. All nozzles off.
135,0,1|2|3|4|5|6,4.61,5.0,7.6,0.0,0,FULL BOOM CUT. Nearest nozzle 4.6 m < buffer 7.6 m. All nozzles off.
136,0,1|2|3|4|5|6,3.86,5.0,7.6,0.0,0,FULL BOOM CUT. Nearest nozzle 3.9 m < buffer 7.6 m. All nozzles off.
137,0,1|2|3|4|5|6,0.0,5.0,7.6,0.0,0,FULL BOOM CUT. Nearest nozzle 0.0 m < buffer 7.6 m. All nozzles off.
138,0,1|2|3|4|5|6,0.0,5.0,7.6,0.0,0,FULL BOOM CUT. Nearest nozzle 0.0 m < buffer 7.6 m. All nozzles off.
139,0,1|2|3|4|5|6,0.0,5.0,7.6,0.0,0,FULL BOOM CUT. Nearest nozzle 0.0 m < buffer 7.6 m. All nozzles off.
140,0,1|2|3|4|5|6,0.0,5.0,7.6,0.0,0,FULL BOOM CUT. Nearest nozzle 0.0 m < buffer 7.6 m. All nozzles off.
141,0,1|2|3|4|5|6,0.0,5.0,7.6,0.0,0,FULL BOOM CUT. Nearest nozzle 0.0 m < buffer 7.6 m. All nozzles off.
142,0,1|2|3|4|5|6,0.0,5.0,7.6,0.0,0,FULL BOOM CUT. Nearest nozzle 0.0 m < buffer 7.6 m. All nozzles off.
143,0,1|2|3|4|5|6,0.0,5.0,7.6,0.0,0,FULL BOOM CUT. Nearest nozzle 0.0 m < buffer 7.6 m. All nozzles off.
144,0,1|2|3|4|5|6,1.0,5.0,7.6,0.0,0,FULL BOOM CUT. Nearest nozzle 1.0 m < buffer 7.6 m. All nozzles off.
145,1,1|2|3|4|5,7.15,5.0,7.6,0.0018,0,"PARTIAL CUT — nozzles [1, 2, 3, 4, 5] off (buffer breach near a restricted zone). 1/6 active."
146,6,,12.27,5.0,7.6,0.0108,0,All 6 nozzles spray. Nearest nozzle 12.3 m from a restricted zone; buffer 7.6 m (gnss 5.0 + drift 0.8 + react 1.8). OK.
147,6,,18.05,6.01,8.61,0.0108,0,All 6 nozzles spray. Nearest nozzle 18.1 m from a restricted zone; buffer 8.6 m (gnss 6.0 + drift 0.8 + react 1.8). OK.
148,6,,24.2,6.6,9.2,0.0108,0,All 6 nozzles spray. Nearest nozzle 24.2 m from a restricted zone; buffer 9.2 m (gnss 6.6 + drift 0.8 + react 1.8). OK.
149,6,,30.64,5.42,8.02,0.0108,0,All 6 nozzles spray. Nearest nozzle 30.6 m from a restricted zone; buffer 8.0 m (gnss 5.4 + drift 0.8 + react 1.8). OK.
150,6,,37.42,5.0,7.6,0.0108,0,All 6 nozzles spray. Nearest nozzle 37.4 m from a restricted zone; buffer 7.6 m (gnss 5.0 + drift 0.8 + react 1.8). OK.
151,6,,43.36,5.0,7.6,0.0108,0,All 6 nozzles spray. Nearest nozzle 43.4 m from a restricted zone; buffer 7.6 m (gnss 5.0 + drift 0.8 + react 1.8). OK.
152,6,,48.72,5.0,7.6,0.0108,6,All 6 nozzles spray. Nearest nozzle 48.7 m from a restricted zone; buffer 7.6 m (gnss 5.0 + drift 0.8 + react 1.8). OK. [6 nozzle(s) crop-ambiguous: error radius spans the A|B seam -> wrong-dose risk]
153,6,,54.97,5.0,7.6,0.0144,0,All 6 nozzles spray. Nearest nozzle 55.0 m from a restricted zone; buffer 7.6 m (gnss 5.0 + drift 0.8 + react 1.8). OK.
154,6,,61.23,5.0,7.6,0.0144,0,All 6 nozzles spray. Nearest nozzle 61.2 m from a restricted zone; buffer 7.6 m (gnss 5.0 + drift 0.8 + react 1.8). OK.
155,6,,67.48,5.0,7.6,0.0144,0,All 6 nozzles spray. Nearest nozzle 67.5 m from a restricted zone; buffer 7.6 m (gnss 5.0 + drift 0.8 + react 1.8). OK.
156,6,,73.08,5.0,7.6,0.0144,0,All 6 nozzles spray. Nearest nozzle 73.1 m from a restricted zone; buffer 7.6 m (gnss 5.0 + drift 0.8 + react 1.8). OK.
157,6,,79.67,5.0,7.6,0.0144,0,All 6 nozzles spray. Nearest nozzle 79.7 m from a restricted zone; buffer 7.6 m (gnss 5.0 + drift 0.8 + react 1.8). OK.
158,6,,83.56,5.0,7.6,0.0144,0,All 6 nozzles spray. Nearest nozzle 83.6 m from a restricted zone; buffer 7.6 m (gnss 5.0 + drift 0.8 + react 1.8). OK.
159,6,,82.75,5.0,7.6,0.0144,0,All 6 nozzles spray. Nearest nozzle 82.8 m from a restricted zone; buffer 7.6 m (gnss 5.0 + drift 0.8 + react 1.8). OK.
160,6,,83.5,5.0,7.6,0.0144,0,All 6 nozzles spray. Nearest nozzle 83.5 m from a restricted zone; buffer 7.6 m (gnss 5.0 + drift 0.8 + react 1.8). OK.
161,6,,84.3,5.0,7.6,0.0144,0,All 6 nozzles spray. Nearest nozzle 84.3 m from a restricted zone; buffer 7.6 m (gnss 5.0 + drift 0.8 + react 1.8). OK.
162,6,,84.48,5.0,7.6,0.0144,0,All 6 nozzles spray. Nearest nozzle 84.5 m from a restricted zone; buffer 7.6 m (gnss 5.0 + drift 0.8 + react 1.8). OK.
163,6,,85.06,5.0,7.6,0.0144,0,All 6 nozzles spray. Nearest nozzle 85.1 m from a restricted zone; buffer 7.6 m (gnss 5.0 + drift 0.8 + react 1.8). OK.
164,6,,85.19,5.0,7.6,0.0144,0,All 6 nozzles spray. Nearest nozzle 85.2 m from a restricted zone; buffer 7.6 m (gnss 5.0 + drift 0.8 + react 1.8). OK.
165,6,,86.58,5.0,7.6,0.0144,0,All 6 nozzles spray. Nearest nozzle 86.6 m from a restricted zone; buffer 7.6 m (gnss 5.0 + drift 0.8 + react 1.8). OK.
166,6,,86.65,5.0,7.6,0.0144,0,All 6 nozzles spray. Nearest nozzle 86.6 m from a restricted zone; buffer 7.6 m (gnss 5.0 + drift 0.8 + react 1.8). OK.
167,6,,85.63,5.0,7.6,0.0144,0,All 6 nozzles spray. Nearest nozzle 85.6 m from a restricted zone; buffer 7.6 m (gnss 5.0 + drift 0.8 + react 1.8). OK.
168,6,,86.2,5.0,7.6,0.0144,0,All 6 nozzles spray. Nearest nozzle 86.2 m from a restricted zone; buffer 7.6 m (gnss 5.0 + drift 0.8 + react 1.8). OK.
169,0,1|2|3|4|5|6,86.46,5.0,7.6,0.0,0,FULL BOOM CUT. Nearest nozzle 86.5 m < buffer 7.6 m. All nozzles off.
170,0,1|2|3|4|5|6,75.27,5.0,7.6,0.0,0,FULL BOOM CUT. Nearest nozzle 75.3 m < buffer 7.6 m. All nozzles off.
171,6,,74.66,5.0,7.6,0.0144,0,All 6 nozzles spray. Nearest nozzle 74.7 m from a restricted zone; buffer 7.6 m (gnss 5.0 + drift 0.8 + react 1.8). OK.
172,6,,74.73,5.0,7.6,0.0144,0,All 6 nozzles spray. Nearest nozzle 74.7 m from a restricted zone; buffer 7.6 m (gnss 5.0 + drift 0.8 + react 1.8). OK.
173,6,,73.63,5.0,7.6,0.0144,0,All 6 nozzles spray. Nearest nozzle 73.6 m from a restricted zone; buffer 7.6 m (gnss 5.0 + drift 0.8 + react 1.8). OK.
174,6,,73.49,5.0,7.6,0.0144,0,All 6 nozzles spray. Nearest nozzle 73.5 m from a restricted zone; buffer 7.6 m (gnss 5.0 + drift 0.8 + react 1.8). OK.
175,6,,73.68,5.0,7.6,0.0144,0,All 6 nozzles spray. Nearest nozzle 73.7 m from a restricted zone; buffer 7.6 m (gnss 5.0 + drift 0.8 + react 1.8). OK.
176,6,,73.36,5.0,7.6,0.0144,0,All 6 nozzles spray. Nearest nozzle 73.4 m from a restricted zone; buffer 7.6 m (gnss 5.0 + drift 0.8 + react 1.8). OK.
177,6,,73.63,5.0,7.6,0.0144,0,All 6 nozzles spray. Nearest nozzle 73.6 m from a restricted zone; buffer 7.6 m (gnss 5.0 + drift 0.8 + react 1.8). OK.
178,6,,74.33,5.0,7.6,0.0144,0,All 6 nozzles spray. Nearest nozzle 74.3 m from a restricted zone; buffer 7.6 m (gnss 5.0 + drift 0.8 + react 1.8). OK.
179,6,,74.12,5.0,7.6,0.0144,0,All 6 nozzles spray. Nearest nozzle 74.1 m from a restricted zone; buffer 7.6 m (gnss 5.0 + drift 0.8 + react 1.8). OK.
180,6,,74.17,5.0,7.6,0.0144,0,All 6 nozzles spray. Nearest nozzle 74.2 m from a restricted zone; buffer 7.6 m (gnss 5.0 + drift 0.8 + react 1.8). OK.
181,6,,74.05,5.0,7.6,0.0144,0,All 6 nozzles spray. Nearest nozzle 74.0 m from a restricted zone; buffer 7.6 m (gnss 5.0 + drift 0.8 + react 1.8). OK.
182,6,,73.8,5.0,7.6,0.0144,0,All 6 nozzles spray. Nearest nozzle 73.8 m from a restricted zone; buffer 7.6 m (gnss 5.0 + drift 0.8 + react 1.8). OK.
183,6,,73.6,5.0,7.6,0.0144,0,All 6 nozzles spray. Nearest nozzle 73.6 m from a restricted zone; buffer 7.6 m (gnss 5.0 + drift 0.8 + react 1.8). OK.
184,6,,67.1,5.0,7.6,0.0144,0,All 6 nozzles spray. Nearest nozzle 67.1 m from a restricted zone; buffer 7.6 m (gnss 5.0 + drift 0.8 + react 1.8). OK.
185,6,,61.35,5.0,7.6,0.0144,0,All 6 nozzles spray. Nearest nozzle 61.4 m from a restricted zone; buffer 7.6 m (gnss 5.0 + drift 0.8 + react 1.8). OK.
186,6,,55.45,5.0,7.6,0.0144,0,All 6 nozzles spray. Nearest nozzle 55.5 m from a restricted zone; buffer 7.6 m (gnss 5.0 + drift 0.8 + react 1.8). OK.
187,6,,49.15,5.0,7.6,0.0108,6,All 6 nozzles spray. Nearest nozzle 49.2 m from a restricted zone; buffer 7.6 m (gnss 5.0 + drift 0.8 + react 1.8). OK. [6 nozzle(s) crop-ambiguous: error radius spans the A|B seam -> wrong-dose risk]
188,6,,43.28,5.0,7.6,0.0108,0,All 6 nozzles spray. Nearest nozzle 43.3 m from a restricted zone; buffer 7.6 m (gnss 5.0 + drift 0.8 + react 1.8). OK.
189,6,,37.69,5.0,7.6,0.0108,0,All 6 nozzles spray. Nearest nozzle 37.7 m from a restricted zone; buffer 7.6 m (gnss 5.0 + drift 0.8 + react 1.8). OK.
190,6,,31.52,5.0,7.6,0.0108,0,All 6 nozzles spray. Nearest nozzle 31.5 m from a restricted zone; buffer 7.6 m (gnss 5.0 + drift 0.8 + react 1.8). OK.
191,6,,25.79,5.0,7.6,0.0108,0,All 6 nozzles spray. Nearest nozzle 25.8 m from a restricted zone; buffer 7.6 m (gnss 5.0 + drift 0.8 + react 1.8). OK.
192,6,,20.22,5.0,7.6,0.0108,0,All 6 nozzles spray. Nearest nozzle 20.2 m from a restricted zone; buffer 7.6 m (gnss 5.0 + drift 0.8 + react 1.8). OK.
193,6,,15.99,5.0,7.6,0.0108,0,All 6 nozzles spray. Nearest nozzle 16.0 m from a restricted zone; buffer 7.6 m (gnss 5.0 + drift 0.8 + react 1.8). OK.
194,6,,9.72,5.0,7.6,0.0108,0,All 6 nozzles spray. Nearest nozzle 9.7 m from a restricted zone; buffer 7.6 m (gnss 5.0 + drift 0.8 + react 1.8). OK.
195,5,6,7.23,5.0,7.6,0.009,0,PARTIAL CUT — nozzles [6] off (buffer breach near a restricted zone). 5/6 active.
196,5,6,6.86,5.0,7.6,0.009,0,PARTIAL CUT — nozzles [6] off (buffer breach near a restricted zone). 5/6 active.
197,5,6,6.09,5.0,7.6,0.009,0,PARTIAL CUT — nozzles [6] off (buffer breach near a restricted zone). 5/6 active.
198,4,5|6,5.13,5.0,7.6,0.0072,0,"PARTIAL CUT — nozzles [5, 6] off (buffer breach near a restricted zone). 4/6 active."
199,4,5|6,5.21,5.0,7.6,0.0072,0,"PARTIAL CUT — nozzles [5, 6] off (buffer breach near a restricted zone). 4/6 active."
200,4,5|6,5.54,5.0,7.6,0.0072,0,"PARTIAL CUT — nozzles [5, 6] off (buffer breach near a restricted zone). 4/6 active."
201,5,6,5.76,5.0,7.6,0.009,0,PARTIAL CUT — nozzles [6] off (buffer breach near a restricted zone). 5/6 active.
202,4,5|6,5.6,5.0,7.6,0.0072,0,"PARTIAL CUT — nozzles [5, 6] off (buffer breach near a restricted zone). 4/6 active."
203,5,6,6.38,5.0,7.6,0.009,0,PARTIAL CUT — nozzles [6] off (buffer breach near a restricted zone). 5/6 active.
204,6,,17.19,5.0,7.6,0.0108,0,All 6 nozzles spray. Nearest nozzle 17.2 m from a restricted zone; buffer 7.6 m (gnss 5.0 + drift 0.8 + react 1.8). OK.
205,6,,16.4,5.0,7.6,0.0108,0,All 6 nozzles spray. Nearest nozzle 16.4 m from a restricted zone; buffer 7.6 m (gnss 5.0 + drift 0.8 + react 1.8). OK.
206,6,,15.88,5.0,7.6,0.0108,0,All 6 nozzles spray. Nearest nozzle 15.9 m from a restricted zone; buffer 7.6 m (gnss 5.0 + drift 0.8 + react 1.8). OK.
207,6,,15.84,5.0,7.6,0.0108,0,All 6 nozzles spray. Nearest nozzle 15.8 m from a restricted zone; buffer 7.6 m (gnss 5.0 + drift 0.8 + react 1.8). OK.
208,6,,15.89,5.0,7.6,0.0108,0,All 6 nozzles spray. Nearest nozzle 15.9 m from a restricted zone; buffer 7.6 m (gnss 5.0 + drift 0.8 + react 1.8). OK.
209,6,,15.47,5.0,7.6,0.0108,0,All 6 nozzles spray. Nearest nozzle 15.5 m from a restricted zone; buffer 7.6 m (gnss 5.0 + drift 0.8 + react 1.8). OK.
210,6,,15.42,5.0,7.6,0.0108,0,All 6 nozzles spray. Nearest nozzle 15.4 m from a restricted zone; buffer 7.6 m (gnss 5.0 + drift 0.8 + react 1.8). OK.
211,6,,15.08,5.0,7.6,0.0108,0,All 6 nozzles spray. Nearest nozzle 15.1 m from a restricted zone; buffer 7.6 m (gnss 5.0 + drift 0.8 + react 1.8). OK.
212,6,,15.19,5.0,7.6,0.0108,0,All 6 nozzles spray. Nearest nozzle 15.2 m from a restricted zone; buffer 7.6 m (gnss 5.0 + drift 0.8 + react 1.8). OK.
213,6,,17.0,5.0,7.6,0.0108,0,All 6 nozzles spray. Nearest nozzle 17.0 m from a restricted zone; buffer 7.6 m (gnss 5.0 + drift 0.8 + react 1.8). OK.
214,6,,21.43,5.0,7.6,0.0108,0,All 6 nozzles spray. Nearest nozzle 21.4 m from a restricted zone; buffer 7.6 m (gnss 5.0 + drift 0.8 + react 1.8). OK.
215,6,,25.66,5.0,7.6,0.0108,0,All 6 nozzles spray. Nearest nozzle 25.7 m from a restricted zone; buffer 7.6 m (gnss 5.0 + drift 0.8 + react 1.8). OK.
216,6,,29.41,5.0,7.6,0.0108,0,All 6 nozzles spray. Nearest nozzle 29.4 m from a restricted zone; buffer 7.6 m (gnss 5.0 + drift 0.8 + react 1.8). OK.
217,6,,34.34,5.0,7.6,0.0108,0,All 6 nozzles spray. Nearest nozzle 34.3 m from a restricted zone; buffer 7.6 m (gnss 5.0 + drift 0.8 + react 1.8). OK.
218,6,,40.12,5.0,7.6,0.0108,0,All 6 nozzles spray. Nearest nozzle 40.1 m from a restricted zone; buffer 7.6 m (gnss 5.0 + drift 0.8 + react 1.8). OK.
219,6,,46.2,5.0,7.6,0.0108,0,All 6 nozzles spray. Nearest nozzle 46.2 m from a restricted zone; buffer 7.6 m (gnss 5.0 + drift 0.8 + react 1.8). OK.
220,6,,52.28,5.0,7.6,0.0144,6,All 6 nozzles spray. Nearest nozzle 52.3 m from a restricted zone; buffer 7.6 m (gnss 5.0 + drift 0.8 + react 1.8). OK. [6 nozzle(s) crop-ambiguous: error radius spans the A|B seam -> wrong-dose risk]
221,6,,57.92,5.0,7.6,0.0144,0,All 6 nozzles spray. Nearest nozzle 57.9 m from a restricted zone; buffer 7.6 m (gnss 5.0 + drift 0.8 + react 1.8). OK.
222,6,,62.92,5.0,7.6,0.0144,0,All 6 nozzles spray. Nearest nozzle 62.9 m from a restricted zone; buffer 7.6 m (gnss 5.0 + drift 0.8 + react 1.8). OK.
223,6,,62.95,5.0,7.6,0.0144,0,All 6 nozzles spray. Nearest nozzle 62.9 m from a restricted zone; buffer 7.6 m (gnss 5.0 + drift 0.8 + react 1.8). OK.
224,6,,62.94,5.0,7.6,0.0144,0,All 6 nozzles spray. Nearest nozzle 62.9 m from a restricted zone; buffer 7.6 m (gnss 5.0 + drift 0.8 + react 1.8). OK.
225,6,,62.64,5.0,7.6,0.0144,0,All 6 nozzles spray. Nearest nozzle 62.6 m from a restricted zone; buffer 7.6 m (gnss 5.0 + drift 0.8 + react 1.8). OK.
226,6,,62.45,5.0,7.6,0.0144,0,All 6 nozzles spray. Nearest nozzle 62.4 m from a restricted zone; buffer 7.6 m (gnss 5.0 + drift 0.8 + react 1.8). OK.
227,6,,62.04,5.0,7.6,0.0144,0,All 6 nozzles spray. Nearest nozzle 62.0 m from a restricted zone; buffer 7.6 m (gnss 5.0 + drift 0.8 + react 1.8). OK.
228,6,,61.96,5.0,7.6,0.0144,0,All 6 nozzles spray. Nearest nozzle 62.0 m from a restricted zone; buffer 7.6 m (gnss 5.0 + drift 0.8 + react 1.8). OK.
229,6,,61.85,5.0,7.6,0.0144,0,All 6 nozzles spray. Nearest nozzle 61.8 m from a restricted zone; buffer 7.6 m (gnss 5.0 + drift 0.8 + react 1.8). OK.
230,6,,62.25,5.0,7.6,0.0144,0,All 6 nozzles spray. Nearest nozzle 62.2 m from a restricted zone; buffer 7.6 m (gnss 5.0 + drift 0.8 + react 1.8). OK.
231,6,,62.29,5.0,7.6,0.0144,0,All 6 nozzles spray. Nearest nozzle 62.3 m from a restricted zone; buffer 7.6 m (gnss 5.0 + drift 0.8 + react 1.8). OK.
232,6,,61.58,5.0,7.6,0.0144,0,All 6 nozzles spray. Nearest nozzle 61.6 m from a restricted zone; buffer 7.6 m (gnss 5.0 + drift 0.8 + react 1.8). OK.
233,6,,61.67,5.0,7.6,0.0144,0,All 6 nozzles spray. Nearest nozzle 61.7 m from a restricted zone; buffer 7.6 m (gnss 5.0 + drift 0.8 + react 1.8). OK.
234,6,,61.74,5.0,7.6,0.0144,0,All 6 nozzles spray. Nearest nozzle 61.7 m from a restricted zone; buffer 7.6 m (gnss 5.0 + drift 0.8 + react 1.8). OK.
235,6,,61.98,5.0,7.6,0.0144,0,All 6 nozzles spray. Nearest nozzle 62.0 m from a restricted zone; buffer 7.6 m (gnss 5.0 + drift 0.8 + react 1.8). OK.
236,6,,61.52,5.0,7.6,0.0144,0,All 6 nozzles spray. Nearest nozzle 61.5 m from a restricted zone; buffer 7.6 m (gnss 5.0 + drift 0.8 + react 1.8). OK.
237,0,1|2|3|4|5|6,62.01,5.0,7.6,0.0,0,FULL BOOM CUT. Nearest nozzle 62.0 m < buffer 7.6 m. All nozzles off.
238,0,1|2|3|4|5|6,49.47,5.0,7.6,0.0,0,FULL BOOM CUT. Nearest nozzle 49.5 m < buffer 7.6 m. All nozzles off.
239,6,,49.94,5.0,7.6,0.0144,0,All 6 nozzles spray. Nearest nozzle 49.9 m from a restricted zone; buffer 7.6 m (gnss 5.0 + drift 0.8 + react 1.8). OK.
240,6,,50.47,5.0,7.6,0.0144,0,All 6 nozzles spray. Nearest nozzle 50.5 m from a restricted zone; buffer 7.6 m (gnss 5.0 + drift 0.8 + react 1.8). OK.
241,6,,50.31,5.0,7.6,0.0144,0,All 6 nozzles spray. Nearest nozzle 50.3 m from a restricted zone; buffer 7.6 m (gnss 5.0 + drift 0.8 + react 1.8). OK.
242,6,,50.2,5.0,7.6,0.0144,0,All 6 nozzles spray. Nearest nozzle 50.2 m from a restricted zone; buffer 7.6 m (gnss 5.0 + drift 0.8 + react 1.8). OK.
243,6,,50.0,5.0,7.6,0.0144,0,All 6 nozzles spray. Nearest nozzle 50.0 m from a restricted zone; buffer 7.6 m (gnss 5.0 + drift 0.8 + react 1.8). OK.
244,6,,49.39,5.0,7.6,0.0144,0,All 6 nozzles spray. Nearest nozzle 49.4 m from a restricted zone; buffer 7.6 m (gnss 5.0 + drift 0.8 + react 1.8). OK.
245,6,,49.6,5.0,7.6,0.0144,0,All 6 nozzles spray. Nearest nozzle 49.6 m from a restricted zone; buffer 7.6 m (gnss 5.0 + drift 0.8 + react 1.8). OK.
246,6,,49.35,5.0,7.6,0.0144,0,All 6 nozzles spray. Nearest nozzle 49.3 m from a restricted zone; buffer 7.6 m (gnss 5.0 + drift 0.8 + react 1.8). OK.
247,6,,49.83,5.0,7.6,0.0144,0,All 6 nozzles spray. Nearest nozzle 49.8 m from a restricted zone; buffer 7.6 m (gnss 5.0 + drift 0.8 + react 1.8). OK.
248,6,,49.12,5.0,7.6,0.0144,0,All 6 nozzles spray. Nearest nozzle 49.1 m from a restricted zone; buffer 7.6 m (gnss 5.0 + drift 0.8 + react 1.8). OK.
249,6,,48.78,5.0,7.6,0.0144,0,All 6 nozzles spray. Nearest nozzle 48.8 m from a restricted zone; buffer 7.6 m (gnss 5.0 + drift 0.8 + react 1.8). OK.
250,6,,48.49,5.0,7.6,0.0144,0,All 6 nozzles spray. Nearest nozzle 48.5 m from a restricted zone; buffer 7.6 m (gnss 5.0 + drift 0.8 + react 1.8). OK.
251,6,,48.41,5.0,7.6,0.0144,0,All 6 nozzles spray. Nearest nozzle 48.4 m from a restricted zone; buffer 7.6 m (gnss 5.0 + drift 0.8 + react 1.8). OK.
252,6,,48.85,5.0,7.6,0.0144,0,All 6 nozzles spray. Nearest nozzle 48.8 m from a restricted zone; buffer 7.6 m (gnss 5.0 + drift 0.8 + react 1.8). OK.
253,6,,49.03,5.0,7.6,0.0144,0,All 6 nozzles spray. Nearest nozzle 49.0 m from a restricted zone; buffer 7.6 m (gnss 5.0 + drift 0.8 + react 1.8). OK.
254,6,,48.76,5.0,7.6,0.0144,0,All 6 nozzles spray. Nearest nozzle 48.8 m from a restricted zone; buffer 7.6 m (gnss 5.0 + drift 0.8 + react 1.8). OK.
255,6,,48.78,5.0,7.6,0.0144,6,All 6 nozzles spray. Nearest nozzle 48.8 m from a restricted zone; buffer 7.6 m (gnss 5.0 + drift 0.8 + react 1.8). OK. [6 nozzle(s) crop-ambiguous: error radius spans the A|B seam -> wrong-dose risk]
256,6,,48.72,5.0,7.6,0.0108,0,All 6 nozzles spray. Nearest nozzle 48.7 m from a restricted zone; buffer 7.6 m (gnss 5.0 + drift 0.8 + react 1.8). OK.
257,6,,47.97,5.0,7.6,0.0108,0,All 6 nozzles spray. Nearest nozzle 48.0 m from a restricted zone; buffer 7.6 m (gnss 5.0 + drift 0.8 + react 1.8). OK.
258,6,,43.24,5.0,7.6,0.0108,0,All 6 nozzles spray. Nearest nozzle 43.2 m from a restricted zone; buffer 7.6 m (gnss 5.0 + drift 0.8 + react 1.8). OK.
259,6,,39.51,5.0,7.6,0.0108,0,All 6 nozzles spray. Nearest nozzle 39.5 m from a restricted zone; buffer 7.6 m (gnss 5.0 + drift 0.8 + react 1.8). OK.
260,6,,35.63,5.0,7.6,0.0108,0,All 6 nozzles spray. Nearest nozzle 35.6 m from a restricted zone; buffer 7.6 m (gnss 5.0 + drift 0.8 + react 1.8). OK.
261,6,,31.9,5.0,7.6,0.0108,0,All 6 nozzles spray. Nearest nozzle 31.9 m from a restricted zone; buffer 7.6 m (gnss 5.0 + drift 0.8 + react 1.8). OK.
262,6,,28.64,5.0,7.6,0.0108,0,All 6 nozzles spray. Nearest nozzle 28.6 m from a restricted zone; buffer 7.6 m (gnss 5.0 + drift 0.8 + react 1.8). OK.
263,6,,28.04,5.0,7.6,0.0108,0,All 6 nozzles spray. Nearest nozzle 28.0 m from a restricted zone; buffer 7.6 m (gnss 5.0 + drift 0.8 + react 1.8). OK.
264,6,,28.47,5.0,7.6,0.0108,0,All 6 nozzles spray. Nearest nozzle 28.5 m from a restricted zone; buffer 7.6 m (gnss 5.0 + drift 0.8 + react 1.8). OK.
265,6,,28.5,5.0,7.6,0.0108,0,All 6 nozzles spray. Nearest nozzle 28.5 m from a restricted zone; buffer 7.6 m (gnss 5.0 + drift 0.8 + react 1.8). OK.
266,6,,28.0,5.0,7.6,0.0108,0,All 6 nozzles spray. Nearest nozzle 28.0 m from a restricted zone; buffer 7.6 m (gnss 5.0 + drift 0.8 + react 1.8). OK.
267,6,,27.55,5.0,7.6,0.0108,0,All 6 nozzles spray. Nearest nozzle 27.5 m from a restricted zone; buffer 7.6 m (gnss 5.0 + drift 0.8 + react 1.8). OK.
268,6,,27.54,5.0,7.6,0.0108,0,All 6 nozzles spray. Nearest nozzle 27.5 m from a restricted zone; buffer 7.6 m (gnss 5.0 + drift 0.8 + react 1.8). OK.
269,6,,26.3,5.0,7.6,0.0108,0,All 6 nozzles spray. Nearest nozzle 26.3 m from a restricted zone; buffer 7.6 m (gnss 5.0 + drift 0.8 + react 1.8). OK.
270,6,,26.52,5.0,7.6,0.0108,0,All 6 nozzles spray. Nearest nozzle 26.5 m from a restricted zone; buffer 7.6 m (gnss 5.0 + drift 0.8 + react 1.8). OK.
271,6,,27.82,5.0,7.6,0.0108,0,All 6 nozzles spray. Nearest nozzle 27.8 m from a restricted zone; buffer 7.6 m (gnss 5.0 + drift 0.8 + react 1.8). OK.
272,0,1|2|3|4|5|6,39.61,5.0,7.6,0.0,0,FULL BOOM CUT. Nearest nozzle 39.6 m < buffer 7.6 m. All nozzles off.
273,6,,38.82,5.0,7.6,0.0108,0,All 6 nozzles spray. Nearest nozzle 38.8 m from a restricted zone; buffer 7.6 m (gnss 5.0 + drift 0.8 + react 1.8). OK.
274,6,,38.93,5.0,7.6,0.0108,0,All 6 nozzles spray. Nearest nozzle 38.9 m from a restricted zone; buffer 7.6 m (gnss 5.0 + drift 0.8 + react 1.8). OK.
275,6,,39.22,5.0,7.6,0.0108,0,All 6 nozzles spray. Nearest nozzle 39.2 m from a restricted zone; buffer 7.6 m (gnss 5.0 + drift 0.8 + react 1.8). OK.
276,6,,38.89,5.0,7.6,0.0108,0,All 6 nozzles spray. Nearest nozzle 38.9 m from a restricted zone; buffer 7.6 m (gnss 5.0 + drift 0.8 + react 1.8). OK.
277,6,,38.82,5.0,7.6,0.0108,0,All 6 nozzles spray. Nearest nozzle 38.8 m from a restricted zone; buffer 7.6 m (gnss 5.0 + drift 0.8 + react 1.8). OK.
278,6,,39.13,5.0,7.6,0.0108,0,All 6 nozzles spray. Nearest nozzle 39.1 m from a restricted zone; buffer 7.6 m (gnss 5.0 + drift 0.8 + react 1.8). OK.
279,6,,39.31,5.0,7.6,0.0108,0,All 6 nozzles spray. Nearest nozzle 39.3 m from a restricted zone; buffer 7.6 m (gnss 5.0 + drift 0.8 + react 1.8). OK.
280,6,,39.14,5.0,7.6,0.0108,0,All 6 nozzles spray. Nearest nozzle 39.1 m from a restricted zone; buffer 7.6 m (gnss 5.0 + drift 0.8 + react 1.8). OK.
281,6,,38.23,5.0,7.6,0.0108,0,All 6 nozzles spray. Nearest nozzle 38.2 m from a restricted zone; buffer 7.6 m (gnss 5.0 + drift 0.8 + react 1.8). OK.
282,6,,38.36,5.0,7.6,0.0108,0,All 6 nozzles spray. Nearest nozzle 38.4 m from a restricted zone; buffer 7.6 m (gnss 5.0 + drift 0.8 + react 1.8). OK.
283,6,,38.88,5.0,7.6,0.0108,0,All 6 nozzles spray. Nearest nozzle 38.9 m from a restricted zone; buffer 7.6 m (gnss 5.0 + drift 0.8 + react 1.8). OK.
284,6,,39.28,5.0,7.6,0.0108,0,All 6 nozzles spray. Nearest nozzle 39.3 m from a restricted zone; buffer 7.6 m (gnss 5.0 + drift 0.8 + react 1.8). OK.
285,6,,40.34,5.0,7.6,0.0108,0,All 6 nozzles spray. Nearest nozzle 40.3 m from a restricted zone; buffer 7.6 m (gnss 5.0 + drift 0.8 + react 1.8). OK.
286,6,,40.05,5.0,7.6,0.0108,0,All 6 nozzles spray. Nearest nozzle 40.1 m from a restricted zone; buffer 7.6 m (gnss 5.0 + drift 0.8 + react 1.8). OK.
287,6,,40.69,5.0,7.6,0.0108,0,All 6 nozzles spray. Nearest nozzle 40.7 m from a restricted zone; buffer 7.6 m (gnss 5.0 + drift 0.8 + react 1.8). OK.
288,6,,41.23,5.0,7.6,0.0108,6,All 6 nozzles spray. Nearest nozzle 41.2 m from a restricted zone; buffer 7.6 m (gnss 5.0 + drift 0.8 + react 1.8). OK. [6 nozzle(s) crop-ambiguous: error radius spans the A|B seam -> wrong-dose risk]
289,6,,42.16,5.0,7.6,0.0144,6,All 6 nozzles spray. Nearest nozzle 42.2 m from a restricted zone; buffer 7.6 m (gnss 5.0 + drift 0.8 + react 1.8). OK. [6 nozzle(s) crop-ambiguous: error radius spans the A|B seam -> wrong-dose risk]
290,6,,42.59,5.0,7.6,0.0144,0,All 6 nozzles spray. Nearest nozzle 42.6 m from a restricted zone; buffer 7.6 m (gnss 5.0 + drift 0.8 + react 1.8). OK.
291,6,,42.1,5.0,7.6,0.0144,0,All 6 nozzles spray. Nearest nozzle 42.1 m from a restricted zone; buffer 7.6 m (gnss 5.0 + drift 0.8 + react 1.8). OK.
292,6,,42.64,5.0,7.6,0.0144,0,All 6 nozzles spray. Nearest nozzle 42.6 m from a restricted zone; buffer 7.6 m (gnss 5.0 + drift 0.8 + react 1.8). OK.
293,6,,43.4,5.0,7.6,0.0144,0,All 6 nozzles spray. Nearest nozzle 43.4 m from a restricted zone; buffer 7.6 m (gnss 5.0 + drift 0.8 + react 1.8). OK.
294,6,,43.09,5.0,7.6,0.0144,0,All 6 nozzles spray. Nearest nozzle 43.1 m from a restricted zone; buffer 7.6 m (gnss 5.0 + drift 0.8 + react 1.8). OK.
295,6,,43.08,5.0,7.6,0.0144,0,All 6 nozzles spray. Nearest nozzle 43.1 m from a restricted zone; buffer 7.6 m (gnss 5.0 + drift 0.8 + react 1.8). OK.
296,6,,42.64,5.0,7.6,0.0144,0,All 6 nozzles spray. Nearest nozzle 42.6 m from a restricted zone; buffer 7.6 m (gnss 5.0 + drift 0.8 + react 1.8). OK.
297,6,,42.07,5.0,7.6,0.0144,0,All 6 nozzles spray. Nearest nozzle 42.1 m from a restricted zone; buffer 7.6 m (gnss 5.0 + drift 0.8 + react 1.8). OK.
298,6,,41.9,5.0,7.6,0.0144,0,All 6 nozzles spray. Nearest nozzle 41.9 m from a restricted zone; buffer 7.6 m (gnss 5.0 + drift 0.8 + react 1.8). OK.
299,6,,42.43,5.0,7.6,0.0144,0,All 6 nozzles spray. Nearest nozzle 42.4 m from a restricted zone; buffer 7.6 m (gnss 5.0 + drift 0.8 + react 1.8). OK.
300,6,,42.32,5.0,7.6,0.0144,0,All 6 nozzles spray. Nearest nozzle 42.3 m from a restricted zone; buffer 7.6 m (gnss 5.0 + drift 0.8 + react 1.8). OK.
301,6,,41.88,5.0,7.6,0.0144,0,All 6 nozzles spray. Nearest nozzle 41.9 m from a restricted zone; buffer 7.6 m (gnss 5.0 + drift 0.8 + react 1.8). OK.
302,6,,42.03,5.0,7.6,0.0144,0,All 6 nozzles spray. Nearest nozzle 42.0 m from a restricted zone; buffer 7.6 m (gnss 5.0 + drift 0.8 + react 1.8). OK.
303,6,,42.64,5.0,7.6,0.0144,0,All 6 nozzles spray. Nearest nozzle 42.6 m from a restricted zone; buffer 7.6 m (gnss 5.0 + drift 0.8 + react 1.8). OK.
304,6,,41.87,5.0,7.6,0.0144,0,All 6 nozzles spray. Nearest nozzle 41.9 m from a restricted zone; buffer 7.6 m (gnss 5.0 + drift 0.8 + react 1.8). OK.
305,0,1|2|3|4|5|6,41.93,5.0,7.6,0.0,0,FULL BOOM CUT. Nearest nozzle 41.9 m < buffer 7.6 m. All nozzles off.
306,6,,29.99,5.0,7.6,0.0144,0,All 6 nozzles spray. Nearest nozzle 30.0 m from a restricted zone; buffer 7.6 m (gnss 5.0 + drift 0.8 + react 1.8). OK.
307,6,,29.82,5.0,7.6,0.0144,0,All 6 nozzles spray. Nearest nozzle 29.8 m from a restricted zone; buffer 7.6 m (gnss 5.0 + drift 0.8 + react 1.8). OK.
308,6,,29.11,5.0,7.6,0.0144,0,All 6 nozzles spray. Nearest nozzle 29.1 m from a restricted zone; buffer 7.6 m (gnss 5.0 + drift 0.8 + react 1.8). OK.
309,6,,28.83,5.32,7.92,0.0144,0,All 6 nozzles spray. Nearest nozzle 28.8 m from a restricted zone; buffer 7.9 m (gnss 5.3 + drift 0.8 + react 1.8). OK.
310,6,,28.89,6.62,9.22,0.0144,0,All 6 nozzles spray. Nearest nozzle 28.9 m from a restricted zone; buffer 9.2 m (gnss 6.6 + drift 0.8 + react 1.8). OK.
311,6,,28.38,7.05,9.65,0.0144,0,All 6 nozzles spray. Nearest nozzle 28.4 m from a restricted zone; buffer 9.6 m (gnss 7.0 + drift 0.8 + react 1.8). OK.
312,6,,27.12,6.33,8.93,0.0144,0,All 6 nozzles spray. Nearest nozzle 27.1 m from a restricted zone; buffer 8.9 m (gnss 6.3 + drift 0.8 + react 1.8). OK.
313,6,,26.3,5.0,7.6,0.0144,0,All 6 nozzles spray. Nearest nozzle 26.3 m from a restricted zone; buffer 7.6 m (gnss 5.0 + drift 0.8 + react 1.8). OK.
314,6,,25.9,5.0,7.6,0.0144,0,All 6 nozzles spray. Nearest nozzle 25.9 m from a restricted zone; buffer 7.6 m (gnss 5.0 + drift 0.8 + react 1.8). OK.
315,6,,26.47,5.0,7.6,0.0144,0,All 6 nozzles spray. Nearest nozzle 26.5 m from a restricted zone; buffer 7.6 m (gnss 5.0 + drift 0.8 + react 1.8). OK.
316,6,,24.4,5.0,7.6,0.0144,0,All 6 nozzles spray. Nearest nozzle 24.4 m from a restricted zone; buffer 7.6 m (gnss 5.0 + drift 0.8 + react 1.8). OK.
317,6,,25.07,5.0,7.6,0.0144,0,All 6 nozzles spray. Nearest nozzle 25.1 m from a restricted zone; buffer 7.6 m (gnss 5.0 + drift 0.8 + react 1.8). OK.
318,6,,25.27,5.0,7.6,0.0144,0,All 6 nozzles spray. Nearest nozzle 25.3 m from a restricted zone; buffer 7.6 m (gnss 5.0 + drift 0.8 + react 1.8). OK.
319,6,,25.64,5.0,7.6,0.0144,0,All 6 nozzles spray. Nearest nozzle 25.6 m from a restricted zone; buffer 7.6 m (gnss 5.0 + drift 0.8 + react 1.8). OK.
320,6,,24.73,5.0,7.6,0.0144,0,All 6 nozzles spray. Nearest nozzle 24.7 m from a restricted zone; buffer 7.6 m (gnss 5.0 + drift 0.8 + react 1.8). OK.
321,6,,24.52,5.0,7.6,0.0144,0,All 6 nozzles spray. Nearest nozzle 24.5 m from a restricted zone; buffer 7.6 m (gnss 5.0 + drift 0.8 + react 1.8). OK.
322,6,,25.3,5.0,7.6,0.0144,6,All 6 nozzles spray. Nearest nozzle 25.3 m from a restricted zone; buffer 7.6 m (gnss 5.0 + drift 0.8 + react 1.8). OK. [6 nozzle(s) crop-ambiguous: error radius spans the A|B seam -> wrong-dose risk]
323,6,,25.15,5.0,7.6,0.0108,6,All 6 nozzles spray. Nearest nozzle 25.1 m from a restricted zone; buffer 7.6 m (gnss 5.0 + drift 0.8 + react 1.8). OK. [6 nozzle(s) crop-ambiguous: error radius spans the A|B seam -> wrong-dose risk]
324,6,,24.84,5.0,7.6,0.0108,0,All 6 nozzles spray. Nearest nozzle 24.8 m from a restricted zone; buffer 7.6 m (gnss 5.0 + drift 0.8 + react 1.8). OK.
325,6,,25.02,5.0,7.6,0.0108,0,All 6 nozzles spray. Nearest nozzle 25.0 m from a restricted zone; buffer 7.6 m (gnss 5.0 + drift 0.8 + react 1.8). OK.
326,6,,25.68,5.0,7.6,0.0108,0,All 6 nozzles spray. Nearest nozzle 25.7 m from a restricted zone; buffer 7.6 m (gnss 5.0 + drift 0.8 + react 1.8). OK.
327,6,,26.05,5.0,7.6,0.0108,0,All 6 nozzles spray. Nearest nozzle 26.0 m from a restricted zone; buffer 7.6 m (gnss 5.0 + drift 0.8 + react 1.8). OK.
328,6,,26.25,5.0,7.6,0.0108,0,All 6 nozzles spray. Nearest nozzle 26.2 m from a restricted zone; buffer 7.6 m (gnss 5.0 + drift 0.8 + react 1.8). OK.
329,6,,26.2,5.0,7.6,0.0108,0,All 6 nozzles spray. Nearest nozzle 26.2 m from a restricted zone; buffer 7.6 m (gnss 5.0 + drift 0.8 + react 1.8). OK.
330,6,,26.44,5.0,7.6,0.0108,0,All 6 nozzles spray. Nearest nozzle 26.4 m from a restricted zone; buffer 7.6 m (gnss 5.0 + drift 0.8 + react 1.8). OK.
331,6,,25.99,5.0,7.6,0.0108,0,All 6 nozzles spray. Nearest nozzle 26.0 m from a restricted zone; buffer 7.6 m (gnss 5.0 + drift 0.8 + react 1.8). OK.
332,6,,26.47,5.0,7.6,0.0108,0,All 6 nozzles spray. Nearest nozzle 26.5 m from a restricted zone; buffer 7.6 m (gnss 5.0 + drift 0.8 + react 1.8). OK.
333,6,,27.36,5.0,7.6,0.0108,0,All 6 nozzles spray. Nearest nozzle 27.4 m from a restricted zone; buffer 7.6 m (gnss 5.0 + drift 0.8 + react 1.8). OK.
334,6,,27.68,5.0,7.6,0.0108,0,All 6 nozzles spray. Nearest nozzle 27.7 m from a restricted zone; buffer 7.6 m (gnss 5.0 + drift 0.8 + react 1.8). OK.
335,6,,26.87,5.0,7.6,0.0108,0,All 6 nozzles spray. Nearest nozzle 26.9 m from a restricted zone; buffer 7.6 m (gnss 5.0 + drift 0.8 + react 1.8). OK.
336,6,,27.12,5.0,7.6,0.0108,0,All 6 nozzles spray. Nearest nozzle 27.1 m from a restricted zone; buffer 7.6 m (gnss 5.0 + drift 0.8 + react 1.8). OK.
337,6,,25.78,5.0,7.6,0.0108,0,All 6 nozzles spray. Nearest nozzle 25.8 m from a restricted zone; buffer 7.6 m (gnss 5.0 + drift 0.8 + react 1.8). OK.
338,6,,25.49,5.0,7.6,0.0108,0,All 6 nozzles spray. Nearest nozzle 25.5 m from a restricted zone; buffer 7.6 m (gnss 5.0 + drift 0.8 + react 1.8). OK.
339,6,,26.1,5.0,7.6,0.0108,0,All 6 nozzles spray. Nearest nozzle 26.1 m from a restricted zone; buffer 7.6 m (gnss 5.0 + drift 0.8 + react 1.8). OK.
340,6,,14.51,5.0,7.6,0.0108,0,All 6 nozzles spray. Nearest nozzle 14.5 m from a restricted zone; buffer 7.6 m (gnss 5.0 + drift 0.8 + react 1.8). OK.
341,6,,14.34,5.0,7.6,0.0108,0,All 6 nozzles spray. Nearest nozzle 14.3 m from a restricted zone; buffer 7.6 m (gnss 5.0 + drift 0.8 + react 1.8). OK.
342,6,,14.93,5.0,7.6,0.0108,0,All 6 nozzles spray. Nearest nozzle 14.9 m from a restricted zone; buffer 7.6 m (gnss 5.0 + drift 0.8 + react 1.8). OK.
343,6,,13.58,5.0,7.6,0.0108,0,All 6 nozzles spray. Nearest nozzle 13.6 m from a restricted zone; buffer 7.6 m (gnss 5.0 + drift 0.8 + react 1.8). OK.
344,6,,14.1,5.0,7.6,0.0108,0,All 6 nozzles spray. Nearest nozzle 14.1 m from a restricted zone; buffer 7.6 m (gnss 5.0 + drift 0.8 + react 1.8). OK.
345,6,,13.7,5.0,7.6,0.0108,0,All 6 nozzles spray. Nearest nozzle 13.7 m from a restricted zone; buffer 7.6 m (gnss 5.0 + drift 0.8 + react 1.8). OK.
346,6,,12.89,5.0,7.6,0.0108,0,All 6 nozzles spray. Nearest nozzle 12.9 m from a restricted zone; buffer 7.6 m (gnss 5.0 + drift 0.8 + react 1.8). OK.
347,6,,12.94,5.0,7.6,0.0108,0,All 6 nozzles spray. Nearest nozzle 12.9 m from a restricted zone; buffer 7.6 m (gnss 5.0 + drift 0.8 + react 1.8). OK.
348,6,,13.49,5.0,7.6,0.0108,0,All 6 nozzles spray. Nearest nozzle 13.5 m from a restricted zone; buffer 7.6 m (gnss 5.0 + drift 0.8 + react 1.8). OK.
349,6,,13.62,5.0,7.6,0.0108,0,All 6 nozzles spray. Nearest nozzle 13.6 m from a restricted zone; buffer 7.6 m (gnss 5.0 + drift 0.8 + react 1.8). OK.
350,6,,13.4,5.0,7.6,0.0108,0,All 6 nozzles spray. Nearest nozzle 13.4 m from a restricted zone; buffer 7.6 m (gnss 5.0 + drift 0.8 + react 1.8). OK.
351,6,,12.92,5.0,7.6,0.0108,0,All 6 nozzles spray. Nearest nozzle 12.9 m from a restricted zone; buffer 7.6 m (gnss 5.0 + drift 0.8 + react 1.8). OK.
352,6,,12.89,5.0,7.6,0.0108,0,All 6 nozzles spray. Nearest nozzle 12.9 m from a restricted zone; buffer 7.6 m (gnss 5.0 + drift 0.8 + react 1.8). OK.
353,6,,13.65,5.0,7.6,0.0108,0,All 6 nozzles spray. Nearest nozzle 13.6 m from a restricted zone; buffer 7.6 m (gnss 5.0 + drift 0.8 + react 1.8). OK.
354,6,,13.6,5.0,7.6,0.0108,0,All 6 nozzles spray. Nearest nozzle 13.6 m from a restricted zone; buffer 7.6 m (gnss 5.0 + drift 0.8 + react 1.8). OK.
355,6,,13.95,5.0,7.6,0.0108,0,All 6 nozzles spray. Nearest nozzle 13.9 m from a restricted zone; buffer 7.6 m (gnss 5.0 + drift 0.8 + react 1.8). OK.
356,6,,15.09,5.0,7.6,0.0108,6,All 6 nozzles spray. Nearest nozzle 15.1 m from a restricted zone; buffer 7.6 m (gnss 5.0 + drift 0.8 + react 1.8). OK. [6 nozzle(s) crop-ambiguous: error radius spans the A|B seam -> wrong-dose risk]
357,6,,15.4,5.0,7.6,0.0144,6,All 6 nozzles spray. Nearest nozzle 15.4 m from a restricted zone; buffer 7.6 m (gnss 5.0 + drift 0.8 + react 1.8). OK. [6 nozzle(s) crop-ambiguous: error radius spans the A|B seam -> wrong-dose risk]
358,6,,16.1,5.0,7.6,0.0144,0,All 6 nozzles spray. Nearest nozzle 16.1 m from a restricted zone; buffer 7.6 m (gnss 5.0 + drift 0.8 + react 1.8). OK.
359,6,,15.67,5.0,7.6,0.0144,0,All 6 nozzles spray. Nearest nozzle 15.7 m from a restricted zone; buffer 7.6 m (gnss 5.0 + drift 0.8 + react 1.8). OK.
360,6,,14.54,5.0,7.6,0.0144,0,All 6 nozzles spray. Nearest nozzle 14.5 m from a restricted zone; buffer 7.6 m (gnss 5.0 + drift 0.8 + react 1.8). OK.
361,6,,13.49,5.0,7.6,0.0144,0,All 6 nozzles spray. Nearest nozzle 13.5 m from a restricted zone; buffer 7.6 m (gnss 5.0 + drift 0.8 + react 1.8). OK.
362,6,,13.78,5.0,7.6,0.0144,0,All 6 nozzles spray. Nearest nozzle 13.8 m from a restricted zone; buffer 7.6 m (gnss 5.0 + drift 0.8 + react 1.8). OK.
363,6,,14.0,5.0,7.6,0.0144,0,All 6 nozzles spray. Nearest nozzle 14.0 m from a restricted zone; buffer 7.6 m (gnss 5.0 + drift 0.8 + react 1.8). OK.
364,6,,13.6,5.0,7.6,0.0144,0,All 6 nozzles spray. Nearest nozzle 13.6 m from a restricted zone; buffer 7.6 m (gnss 5.0 + drift 0.8 + react 1.8). OK.
365,6,,13.01,5.0,7.6,0.0144,0,All 6 nozzles spray. Nearest nozzle 13.0 m from a restricted zone; buffer 7.6 m (gnss 5.0 + drift 0.8 + react 1.8). OK.
366,6,,13.23,5.65,8.25,0.0144,0,All 6 nozzles spray. Nearest nozzle 13.2 m from a restricted zone; buffer 8.3 m (gnss 5.7 + drift 0.8 + react 1.8). OK.
367,6,,13.3,8.7,11.3,0.0144,0,All 6 nozzles spray. Nearest nozzle 13.3 m from a restricted zone; buffer 11.3 m (gnss 8.7 + drift 0.8 + react 1.8). OK.
368,3,1|2|6,12.11,10.21,12.81,0.0072,0,"PARTIAL CUT — nozzles [1, 2, 6] off (tree/zone avoidance). 3/6 active."
369,6,,12.2,8.9,11.5,0.0144,0,All 6 nozzles spray. Nearest nozzle 12.2 m from a restricted zone; buffer 11.5 m (gnss 8.9 + drift 0.8 + react 1.8). OK.
370,6,,12.48,6.86,9.46,0.0144,0,All 6 nozzles spray. Nearest nozzle 12.5 m from a restricted zone; buffer 9.5 m (gnss 6.9 + drift 0.8 + react 1.8). OK.
371,6,,12.43,5.0,7.6,0.0144,0,All 6 nozzles spray. Nearest nozzle 12.4 m from a restricted zone; buffer 7.6 m (gnss 5.0 + drift 0.8 + react 1.8). OK.
372,6,,12.14,5.0,7.6,0.0144,0,All 6 nozzles spray. Nearest nozzle 12.1 m from a restricted zone; buffer 7.6 m (gnss 5.0 + drift 0.8 + react 1.8). OK.
373,0,1|2|3|4|5|6,12.73,5.0,7.6,0.0,0,FULL BOOM CUT. Nearest nozzle 12.7 m < buffer 7.6 m. All nozzles off.
374,0,1|2|3|4|5|6,0.9,5.0,7.6,0.0,0,FULL BOOM CUT. Nearest nozzle 0.9 m < buffer 7.6 m. All nozzles off.
375,2,1|2|3|4,1.49,5.0,7.6,0.0048,0,"PARTIAL CUT — nozzles [1, 2, 3, 4] off (buffer breach near a restricted zone). 2/6 active."
376,3,1|2|3,1.62,5.0,7.6,0.0072,0,"PARTIAL CUT — nozzles [1, 2, 3] off (buffer breach near a restricted zone). 3/6 active."
377,2,1|2|3|4,0.6,5.0,7.6,0.0048,0,"PARTIAL CUT — nozzles [1, 2, 3, 4] off (buffer breach near a restricted zone). 2/6 active."
378,2,1|2|3|4,0.21,5.0,7.6,0.0048,0,"PARTIAL CUT — nozzles [1, 2, 3, 4] off (buffer breach near a restricted zone). 2/6 active."
379,2,1|2|3|4,0.29,5.0,7.6,0.0048,0,"PARTIAL CUT — nozzles [1, 2, 3, 4] off (buffer breach near a restricted zone). 2/6 active."
380,2,1|2|3|4,0.81,5.0,7.6,0.0048,0,"PARTIAL CUT — nozzles [1, 2, 3, 4] off (buffer breach near a restricted zone). 2/6 active."
381,2,1|2|3|4,0.99,5.0,7.6,0.0048,0,"PARTIAL CUT — nozzles [1, 2, 3, 4] off (buffer breach near a restricted zone). 2/6 active."
382,2,1|2|3|4,0.42,5.0,7.6,0.0048,0,"PARTIAL CUT — nozzles [1, 2, 3, 4] off (buffer breach near a restricted zone). 2/6 active."
383,2,1|2|3|4,0.74,5.0,7.6,0.0048,0,"PARTIAL CUT — nozzles [1, 2, 3, 4] off (buffer breach near a restricted zone). 2/6 active."
384,2,1|2|3|4,0.0,5.0,7.6,0.0048,0,"PARTIAL CUT — nozzles [1, 2, 3, 4] off (buffer breach near a restricted zone). 2/6 active."
385,2,1|2|3|4,0.74,5.0,7.6,0.0048,0,"PARTIAL CUT — nozzles [1, 2, 3, 4] off (buffer breach near a restricted zone). 2/6 active."
386,2,1|2|3|4,0.91,5.0,7.6,0.0048,0,"PARTIAL CUT — nozzles [1, 2, 3, 4] off (buffer breach near a restricted zone). 2/6 active."
387,2,1|2|3|4,0.0,5.0,7.6,0.0048,0,"PARTIAL CUT — nozzles [1, 2, 3, 4] off (buffer breach near a restricted zone). 2/6 active."
388,2,1|2|3|4,1.09,5.0,7.6,0.0048,0,"PARTIAL CUT — nozzles [1, 2, 3, 4] off (buffer breach near a restricted zone). 2/6 active."
389,2,1|2|3|4,0.44,5.0,7.6,0.0048,0,"PARTIAL CUT — nozzles [1, 2, 3, 4] off (buffer breach near a restricted zone). 2/6 active."
390,2,1|2|3|4,1.46,5.0,7.6,0.0048,2,"PARTIAL CUT — nozzles [1, 2, 3, 4] off (buffer breach near a restricted zone). 2/6 active. [2 nozzle(s) crop-ambiguous: error radius spans the A|B seam -> wrong-dose risk]"
391,2,1|2|3|4,1.49,5.0,7.6,0.0036,2,"PARTIAL CUT — nozzles [1, 2, 3, 4] off (buffer breach near a restricted zone). 2/6 active. [2 nozzle(s) crop-ambiguous: error radius spans the A|B seam -> wrong-dose risk]"
392,2,1|2|3|4,1.57,5.0,7.6,0.0036,0,"PARTIAL CUT — nozzles [1, 2, 3, 4] off (buffer breach near a restricted zone). 2/6 active."
393,2,1|2|3|4,1.11,5.0,7.6,0.0036,0,"PARTIAL CUT — nozzles [1, 2, 3, 4] off (buffer breach near a restricted zone). 2/6 active."
394,3,1|2|3,2.8,5.0,7.6,0.0054,0,"PARTIAL CUT — nozzles [1, 2, 3] off (buffer breach near a restricted zone). 3/6 active."
395,4,1|2,3.77,5.0,7.6,0.0072,0,"PARTIAL CUT — nozzles [1, 2] off (buffer breach near a restricted zone). 4/6 active."
396,4,1|2,3.99,5.0,7.6,0.0072,0,"PARTIAL CUT — nozzles [1, 2] off (buffer breach near a restricted zone). 4/6 active."
397,4,1|2,3.87,5.0,7.6,0.0072,0,"PARTIAL CUT — nozzles [1, 2] off (buffer breach near a restricted zone). 4/6 active."
398,4,1|2,4.26,5.0,7.6,0.0072,0,"PARTIAL CUT — nozzles [1, 2] off (buffer breach near a restricted zone). 4/6 active."
399,4,1|2,4.27,5.0,7.6,0.0072,0,"PARTIAL CUT — nozzles [1, 2] off (buffer breach near a restricted zone). 4/6 active."
400,4,1|2,4.81,5.0,7.6,0.0072,0,"PARTIAL CUT — nozzles [1, 2] off (buffer breach near a restricted zone). 4/6 active."
401,4,1|2,4.9,5.0,7.6,0.0072,0,"PARTIAL CUT — nozzles [1, 2] off (buffer breach near a restricted zone). 4/6 active."
402,4,1|2,5.22,5.0,7.6,0.0072,0,"PARTIAL CUT — nozzles [1, 2] off (buffer breach near a restricted zone). 4/6 active."
403,4,1|2,4.95,5.0,7.6,0.0072,0,"PARTIAL CUT — nozzles [1, 2] off (buffer breach near a restricted zone). 4/6 active."
404,4,1|2,4.51,5.0,7.6,0.0072,0,"PARTIAL CUT — nozzles [1, 2] off (buffer breach near a restricted zone). 4/6 active."
405,4,1|2,3.63,5.0,7.6,0.0072,0,"PARTIAL CUT — nozzles [1, 2] off (buffer breach near a restricted zone). 4/6 active."
406,4,1|2,3.89,5.0,7.6,0.0072,0,"PARTIAL CUT — nozzles [1, 2] off (buffer breach near a restricted zone). 4/6 active."
407,4,1|2,3.97,5.0,7.6,0.0072,0,"PARTIAL CUT — nozzles [1, 2] off (buffer breach near a restricted zone). 4/6 active."
